Sudáfrica,Globo
Mozambique,Barco
Madagascar,Cañon
Angola,Barco
Congo,Barco
Chad,Cañon
Etiopia,Cañon
Sudan,Globo
Egipto,Globo
Mauritania,Cañon
Argelia,Globo
Libia,Globo
Arabia,Barco
Turquia,Barco
India,Cañon
Iran,Globo
China,Barco
Kazajistán,Comodin
Mongolia,Barco
Siberia,Globo
Volga,Barco
Rusia Central,Cañon
Ural,Comodin
Rusia Del Este,Cañon
España,Barco
Europa Central,Cañon
Europa Del Este,Globo
Francia,Cañon
Finlandia,Globo
Queensland,Globo
Australia Central,Globo
Australia Del Oeste,Cañon
Sumatra,Barco
Java,Barco
Filipinas,Globo
Groenlandia,Globo
Alaska,Globo
Mexico,Globo
California,Barco
Canadá,Cañon
Colorado,Cañon
Texas,Globo
Nueva York,Cañon
Michigan,Cañon
Antártida,Barco
Argentina,Barco
Uruguay,Barco
Brasil,Cañon
Perú,Barco
Colombia,Cañon