Sudafrica,Globo
Mozambique,Barco
Madagascar,Canion
Angola,Barco
Congo,Barco
Chad,Canion
Etiopia,Canion
Sudan,Globo
Egipto,Globo
Mauritania,Canion
Argelia,Globo
Libia,Globo
Arabia,Barco
Turquia,Barco
India,Canion
Iran,Globo
China,Barco
Kazajistan,Comodin
Mongolia,Barco
Siberia,Globo
Volga,Barco
Rusia Central,Canion
Ural,Comodin
Rusia Del Este,Canion
Espa√±a,Barco
Europa Central,Canion
Europa Del Este,Globo
Francia,Canion
Finlandia,Globo
Queensland,Globo
Australia Central,Globo
Australia Del Oeste,Canion
Sumatra,Barco
Java,Barco
Filipinas,Globo
Groenlandia,Globo
Alaska,Globo
Mexico,Globo
California,Barco
Canada,Canion
Colorado,Canion
Texas,Globo
Nueva York,Canion
Michigan,Canion
Antartida,Barco
Argentina,Barco
Uruguay,Barco
Brasil,Canion
Peru,Barco
Colombia,Canion